S.No,Program Name (as in listing),Program Type,University Name (as in listing),Research Status,Content Status,Notes/Flags,Research File,Output File,QA Status,QA Notes,DB Status
1,Supply Chain Management,Doctorate,"Rushford Business School (RBS), Switzerland",Complete,Completed,"✅ MAPPED to official 'DBA in Supply Chain Management' (rushford.ch). 36mo/180 ECTS/100% online, 2 pathways, full entry reqs + curriculum captured. || PHASE-3 FLAGS: AMBIGUOUS-TITLE: listed under 'Doctoral Research Topic Specializations (PhD/DBA/EPD)' — this is a research TOPIC, not a programme title. Award type (PhD / DBA / EPD) not specified per row. Expansion decision required (13 topics -> up to 39 pages). | NEAR-DUP (internal): overlaps S.No 12 'Logistics & Supply Chain Management' in the same list.",rushford-business-school_dba-supply-chain-management.md,output/programs/doctorate/rushford-business-school/dba-in-supply-chain-management-rushford-business-school.md,PASS,QA re-run 2026-10-05: seniority-noun drift corrected; university_partner_id + is_active added; category/university slugs bound. Remaining: declared gaps RBS-01/02/04 only.,"Ready to seed (in doctorate_programs.php, is_active=false)"
2,Quality Management,Doctorate,"Rushford Business School (RBS), Switzerland",Complete,Completed,"✅ MAPPED to official 'DBA in Quality Management'. || PHASE-3 FLAGS: AMBIGUOUS-TITLE: listed under 'Doctoral Research Topic Specializations (PhD/DBA/EPD)' — this is a research TOPIC, not a programme title. Award type (PhD / DBA / EPD) not specified per row. Expansion decision required (13 topics -> up to 39 pages).",rushford-business-school_dba-quality-management.md,output/programs/doctorate/rushford-business-school/dba-in-quality-management-rushford-business-school.md,PASS,QA re-run 2026-10-05: seniority-noun drift corrected; university_partner_id + is_active added; category/university slugs bound. Remaining: declared gaps RBS-01/02/04 only.,"Ready to seed (in doctorate_programs.php, is_active=false)"
3,Operational Management,Doctorate,"Rushford Business School (RBS), Switzerland",Complete,Completed,"✅ MAPPED to official 'DBA in Operational Management' — listing spelling matches the official title exactly; NAME-04 resolved, do not change. || PHASE-3 FLAGS: AMBIGUOUS-TITLE: listed under 'Doctoral Research Topic Specializations (PhD/DBA/EPD)' — this is a research TOPIC, not a programme title. Award type (PhD / DBA / EPD) not specified per row. Expansion decision required (13 topics -> up to 39 pages). | NAMING: listing says 'Operational Management', not 'Operations Management' — kept verbatim, do not normalise without approval.",rushford-business-school_dba-operational-management.md,output/programs/doctorate/rushford-business-school/dba-in-operational-management-rushford-business-school.md,PASS,QA re-run 2026-10-05: seniority-noun drift corrected; university_partner_id + is_active added; category/university slugs bound. Remaining: declared gaps RBS-01/02/04 only.,"Ready to seed (in doctorate_programs.php, is_active=false)"
4,Marketing,Doctorate,"Rushford Business School (RBS), Switzerland",Complete,Completed,"✅ MAPPED to official 'DBA in Marketing'. Richest career list (7 roles incl. CMO/VP Marketing). || PHASE-3 FLAGS: AMBIGUOUS-TITLE: listed under 'Doctoral Research Topic Specializations (PhD/DBA/EPD)' — this is a research TOPIC, not a programme title. Award type (PhD / DBA / EPD) not specified per row. Expansion decision required (13 topics -> up to 39 pages). | NEAR-DUP (cross-university): same subject as S.No 15 'PhD in Marketing' (GAU).",rushford-business-school_dba-marketing.md,output/programs/doctorate/rushford-business-school/dba-in-marketing-rushford-business-school.md,PASS,QA re-run 2026-10-05: seniority-noun drift corrected; university_partner_id + is_active added; category/university slugs bound. Remaining: declared gaps RBS-01/02/04 only.,"Ready to seed (in doctorate_programs.php, is_active=false)"
5,Human Resource Management,Doctorate,"Rushford Business School (RBS), Switzerland",Complete,Completed,"✅ MAPPED to official 'DBA in Human Resource Management'. || PHASE-3 FLAGS: AMBIGUOUS-TITLE: listed under 'Doctoral Research Topic Specializations (PhD/DBA/EPD)' — this is a research TOPIC, not a programme title. Award type (PhD / DBA / EPD) not specified per row. Expansion decision required (13 topics -> up to 39 pages).",rushford-business-school_dba-human-resource-management.md,output/programs/doctorate/rushford-business-school/dba-in-human-resource-management-rushford-business-school.md,PASS,QA re-run 2026-10-05: seniority-noun drift corrected; university_partner_id + is_active added; category/university slugs bound. Remaining: declared gaps RBS-01/02/04 only.,"Ready to seed (in doctorate_programs.php, is_active=false)"
6,Healthcare Management,Doctorate,"Rushford Business School (RBS), Switzerland",Complete,Completed,"✅ MAPPED to official 'DBA in Healthcare Management'. || PHASE-3 FLAGS: AMBIGUOUS-TITLE: listed under 'Doctoral Research Topic Specializations (PhD/DBA/EPD)' — this is a research TOPIC, not a programme title. Award type (PhD / DBA / EPD) not specified per row. Expansion decision required (13 topics -> up to 39 pages).",rushford-business-school_dba-healthcare-management.md,output/programs/doctorate/rushford-business-school/dba-in-healthcare-management-rushford-business-school.md,PASS,,"Ready to seed (in doctorate_programs.php, is_active=false)"
7,International Business,Doctorate,"Rushford Business School (RBS), Switzerland",Complete,Completed,"✅ MAPPED to official 'DBA in International Business'. || PHASE-3 FLAGS: AMBIGUOUS-TITLE: listed under 'Doctoral Research Topic Specializations (PhD/DBA/EPD)' — this is a research TOPIC, not a programme title. Award type (PhD / DBA / EPD) not specified per row. Expansion decision required (13 topics -> up to 39 pages).",rushford-business-school_dba-international-business.md,output/programs/doctorate/rushford-business-school/dba-in-international-business-rushford-business-school.md,PASS,,"Ready to seed (in doctorate_programs.php, is_active=false)"
8,Financial Management,Doctorate,"Rushford Business School (RBS), Switzerland",Complete,Completed,"✅ MAPPED to official 'DBA in Financial Management'. || PHASE-3 FLAGS: AMBIGUOUS-TITLE: listed under 'Doctoral Research Topic Specializations (PhD/DBA/EPD)' — this is a research TOPIC, not a programme title. Award type (PhD / DBA / EPD) not specified per row. Expansion decision required (13 topics -> up to 39 pages).",rushford-business-school_dba-financial-management.md,output/programs/doctorate/rushford-business-school/dba-in-financial-management-rushford-business-school.md,PASS,,"Ready to seed (in doctorate_programs.php, is_active=false)"
9,Educational Management & Leadership,Doctorate,"Rushford Business School (RBS), Switzerland",Incomplete – no official Rushford page; closest is an unnamed partner-delivered DEd,Pending,"❌ NOT in the 8 official DBA specializations. 'DEd - Doctor of Education' exists only via an UNNAMED partner collaboration — no page/duration/curriculum/fee. Awarding body may not be Rushford. Overlaps S.No 18 (GAU PhD in Educational Administration, which IS official). || PHASE-3 FLAGS: AMBIGUOUS-TITLE: listed under 'Doctoral Research Topic Specializations (PhD/DBA/EPD)' — this is a research TOPIC, not a programme title. Award type (PhD / DBA / EPD) not specified per row. Expansion decision required (13 topics -> up to 39 pages). | NEAR-DUP (cross-university): same subject area as S.No 18 'PhD in Educational Administration' (GAU).",rushford-business-school_educational-management-leadership.md,,Not Audited,,Not in data file
10,Data Analytics,Doctorate,"Rushford Business School (RBS), Switzerland","Incomplete – no official Rushford page; partner-delivered PhD/DBA in Data Science, partner unnamed",Pending,"❌ NOT in the 8 official specializations. Official term is 'Data Science' (partner collaboration, partner unnamed), not 'Data Analytics'. Title discrepancy must be resolved. || PHASE-3 FLAGS: AMBIGUOUS-TITLE: listed under 'Doctoral Research Topic Specializations (PhD/DBA/EPD)' — this is a research TOPIC, not a programme title. Award type (PhD / DBA / EPD) not specified per row. Expansion decision required (13 topics -> up to 39 pages).",rushford-business-school_data-analytics.md,,Not Audited,,Not in data file
11,"Hospitality, Travel, & Tourism",Doctorate,"Rushford Business School (RBS), Switzerland",Incomplete – no official Rushford doctoral page in this subject,Pending,"❌ No Rushford DOCTORAL hospitality/tourism programme found on any official page. Likely the intended programme is S.No 20 (GAU PhD in Tourism & Hospitality, which IS official). || PHASE-3 FLAGS: AMBIGUOUS-TITLE: listed under 'Doctoral Research Topic Specializations (PhD/DBA/EPD)' — this is a research TOPIC, not a programme title. Award type (PhD / DBA / EPD) not specified per row. Expansion decision required (13 topics -> up to 39 pages). | NEAR-DUP (cross-university): same subject area as S.No 20 'PhD in Tourism & Hospitality' (GAU).",rushford-business-school_hospitality-travel-tourism.md,,Not Audited,,Not in data file
12,Logistics & Supply Chain Management,Doctorate,"Rushford Business School (RBS), Switzerland",Incomplete – duplicate of S.No 1; no separate official programme,Pending,"❌ No separate official page. Rushford publishes ONE programme for this subject: DBA in Supply Chain Management (= S.No 1). RECOMMEND MERGE into S.No 1. || PHASE-3 FLAGS: AMBIGUOUS-TITLE: listed under 'Doctoral Research Topic Specializations (PhD/DBA/EPD)' — this is a research TOPIC, not a programme title. Award type (PhD / DBA / EPD) not specified per row. Expansion decision required (13 topics -> up to 39 pages). | NEAR-DUP (internal): overlaps S.No 1 'Supply Chain Management' in the same list.",rushford-business-school_logistics-supply-chain-management.md,,Not Audited,,Not in data file
13,Global Leadership & Strategy,Doctorate,"Rushford Business School (RBS), Switzerland",Incomplete – no official Rushford page,Pending,"❌ NOT a specialization. Overlaps only with core Business Management Track modules (Cutting Edge Leadership / International Business Environment / Strategic Management). Possible overlap with S.No 7. || PHASE-3 FLAGS: AMBIGUOUS-TITLE: listed under 'Doctoral Research Topic Specializations (PhD/DBA/EPD)' — this is a research TOPIC, not a programme title. Award type (PhD / DBA / EPD) not specified per row. Expansion decision required (13 topics -> up to 39 pages).",rushford-business-school_global-leadership-strategy.md,,Not Audited,,Not in data file
14,PhD in Business Management,Doctorate,"Girne American University (GAU), North Cyprus",Complete,Pending,"Clear single-award PhD title. No title ambiguity. | RESEARCH: Official GAU pages: /prospective/program/business-management-phd + /graduate-school/phd_in_business_management.html. Richest GAU row: named Head of Dept, Vision/Aims, 2 published job destinations, full admissions list, course descriptions, Public Health + Public System Mgmt specialisations. CONFLICT: min thesis 2 semesters (prospective) vs 3 semesters (graduate school) - disclose both.",docs/research/girne-american-university_phd-in-business-management.md,,Not Audited,,Not in data file
15,PhD in Marketing,Doctorate,"Girne American University (GAU), North Cyprus",Complete,Pending,Clear single-award PhD title. No title ambiguity. | NEAR-DUP (cross-university): same subject as S.No 4 'Marketing' (Rushford doctoral topics). | RESEARCH: Official GAU pages: /prospective/program/marketing-phd + /graduate-school/phd_in_marketing.html. About Program + full course table + ECBE accreditation + min thesis 2 semesters. Career Opportunities section renders EMPTY. No admissions list published.,docs/research/girne-american-university_phd-in-marketing.md,,Not Audited,,Not in data file
16,PhD in Management Information Systems,Doctorate,"Girne American University (GAU), North Cyprus",Complete,Pending,"Clear single-award PhD title. No title ambiguity. | RESEARCH: Official GAU pages: /prospective/program/management-information-systems-phd + /graduate-school/phd_in_management_information_systems.html. Longest published narrative of the batch incl. 6 stated learning outcomes; ECBE; min thesis 3 semesters; careers stated only as ""academics and the industry"".",docs/research/girne-american-university_phd-in-management-information-systems.md,,Not Audited,,Not in data file
17,PhD in Psychology,Doctorate,"Girne American University (GAU), North Cyprus",Incomplete - official GAU page published but contains no programme detail (title only),Pending,"Clear single-award PhD title. No title ambiguity. | RESEARCH: NOT DRAFTED. Both /prospective/program/psychology-1 and /graduate-school/psychology-phd render the title only - no information panel, no curriculum, no requirements, no careers. GAU master-level psychology pages exist but are a different level and outside the tracker, so cannot substitute. GAP-SOURCE-GAU-08.",docs/research/girne-american-university_phd-in-psychology.md,,Not Audited,,Not in data file
18,PhD in Educational Administration,Doctorate,"Girne American University (GAU), North Cyprus",Complete,Pending,"Clear single-award PhD title. No title ambiguity. | NEAR-DUP (cross-university): same subject area as S.No 9 'Educational Management & Leadership' (Rushford). | RESEARCH: Official GAU page: /graduate-school/educational_administration_and_supervision_phd.html (the /prospective/ page is EMPTY). Official title is ""Educational Administration and Supervision PhD""; tracker title kept verbatim. Full syllabus text for all compulsory + elective courses, 7-semester plan, 2 jury monitoring points, SSCI publication rule. NO information panel exists, so duration/fee/accreditation must NOT be inherited - GAP-SOURCE-GAU-09.",docs/research/girne-american-university_phd-in-educational-administration.md,,Not Audited,,Not in data file
19,PhD in Law,Doctorate,"Girne American University (GAU), North Cyprus","Incomplete - programme annotated ""(To be launched)"" on the official GAU site; not yet running",Pending,"Clear single-award PhD title. No title ambiguity. | RESEARCH: NOT DRAFTED. GAU publishes this entry verbatim as ""Law (To be launched)"" and the URL slug is literally law-to-be-launched. Both /prospective/program/law-to-be-launched and /graduate-school/phd-in-law are empty. Publishing a page for a doctorate the university says is not yet launched is a consumer-protection risk. GAP-SOURCE-GAU-08.",docs/research/girne-american-university_phd-in-law.md,,Not Audited,,Not in data file
20,PhD in Tourism & Hospitality,Doctorate,"Girne American University (GAU), North Cyprus",Complete,Pending,"Clear single-award PhD title. No title ambiguity. | NEAR-DUP (cross-university): same subject area as S.No 11 'Hospitality, Travel, & Tourism' (Rushford). | RESEARCH: Official GAU page: /prospective/program/tourism-hospitality-phd (the /graduate-school/ page is EMPTY). About Program + full THM course table. Career Opportunities EMPTY; no published min thesis duration; credit notation internally inconsistent (GAP-SOURCE-GAU-10) so do not state credit totals.",docs/research/girne-american-university_phd-in-tourism-and-hospitality.md,,Not Audited,,Not in data file
21,Level 7 Diploma in Strategic Leadership & Management,Diploma,Gatehouse,Pending,Pending,GAP-SCHEMA: no parent university in listing — section heading only ('Gatehouse Level 7 Diploma Programs'); 'Gatehouse' full legal entity name not stated in the PDF. | NEAR-DUP (cross-body): near-identical to S.No 51 'Qualifi Level 7 Diploma in Strategic Management and Leadership'.,,,Not Audited,,Not in data file
22,Level 7 Diploma in Educational Leadership & Management,Diploma,Gatehouse,Pending,Pending,GAP-SCHEMA: no parent university in listing — section heading only ('Gatehouse Level 7 Diploma Programs'); 'Gatehouse' full legal entity name not stated in the PDF. | NEAR-DUP (cross-body): near-identical to S.No 69 'Qualifi Level 7 Diploma in Educational Management and Leadership'.,,,Not Audited,,Not in data file
23,Level 7 Diploma in Psychology,Diploma,Gatehouse,Pending,Pending,GAP-SCHEMA: no parent university in listing — section heading only ('Gatehouse Level 7 Diploma Programs'); 'Gatehouse' full legal entity name not stated in the PDF. | DUP-SUBJECT: Psychology also at S.No 35 'Level 5 Extended Diploma in Psychology' and S.No 56 'Qualifi Level 7 Diploma in Psychology' — three Psychology diplomas across two awarding bodies. | AMB-ENT: 'Gatehouse' legal entity name must be verified before a partner record is created.,,,Not Audited,,Not in data file
24,Level 7 Diploma in Strategic Project Management in Construction,Diploma,Gatehouse,Pending,Pending,GAP-SCHEMA: no parent university in listing — section heading only ('Gatehouse Level 7 Diploma Programs'); 'Gatehouse' full legal entity name not stated in the PDF. | Construction-specific; distinct from S.No 52 'Qualifi Level 7 Diploma in Project Management'.,,,Not Audited,,Not in data file
25,Level 3 Diploma in Business Management,Diploma,Qualifi,Pending,Pending,"GAP-SCHEMA: no parent university in listing — section heading only ('Level 3 Qualifi Diploma Specializations'); Qualifi is an awarding body, not a university. | DUP-SUBJECT (Business Management): same subject also at S.No 33 'Level 5 Extended Diploma in Business Management'. | NAMING: L3/L5 rows are NOT prefixed 'Qualifi' in the listing, L7 rows ARE — title normalisation decision needed before slugging.",,,Not Audited,,Not in data file
26,Level 3 Diploma in Introduction to Management,Diploma,Qualifi,Pending,Pending,"GAP-SCHEMA: no parent university in listing — section heading only ('Level 3 Qualifi Diploma Specializations'); Qualifi is an awarding body, not a university. | NEAR-DUP (internal): overlaps S.No 27 'Level 3 Integrated Diploma in Business and Management'.",,,Not Audited,,Not in data file
27,Level 3 Integrated Diploma in Business and Management,Diploma,Qualifi,Pending,Pending,"GAP-SCHEMA: no parent university in listing — section heading only ('Level 3 Qualifi Diploma Specializations'); Qualifi is an awarding body, not a university. | AMBIGUOUS-TITLE: 'Integrated Diploma' differs from plain 'Diploma' — confirm it is a separate qualification, not a typo.",,,Not Audited,,Not in data file
28,Level 3 Diploma in Business Innovation and Entrepreneurship,Diploma,Qualifi,Pending,Pending,"GAP-SCHEMA: no parent university in listing — section heading only ('Level 3 Qualifi Diploma Specializations'); Qualifi is an awarding body, not a university.",,,Not Audited,,Not in data file
29,Level 3 Diploma in Health and Social Care,Diploma,Qualifi,Pending,Pending,"GAP-SCHEMA: no parent university in listing — section heading only ('Level 3 Qualifi Diploma Specializations'); Qualifi is an awarding body, not a university. | DUP-SUBJECT (Health and Social Care): same subject also at S.No 34 'Level 5 Extended Diploma in Health and Social Care', S.No 55 'Qualifi Level 7 Diploma in Health and Social Care'.",,,Not Audited,,Not in data file
30,Level 3 Diploma in Hospitality and Tourism Management,Diploma,Qualifi,Pending,Pending,"GAP-SCHEMA: no parent university in listing — section heading only ('Level 3 Qualifi Diploma Specializations'); Qualifi is an awarding body, not a university. | DUP-SUBJECT (Hospitality and Tourism Management): same subject also at S.No 36 'Level 5 Extended Diploma in Hospitality and Tourism Management', S.No 60 'Qualifi Level 7 Diploma in Hospitality and Tourism Management'.",,,Not Audited,,Not in data file
31,Level 3 Diploma in Accounting and Finance,Diploma,Qualifi,Pending,Pending,"GAP-SCHEMA: no parent university in listing — section heading only ('Level 3 Qualifi Diploma Specializations'); Qualifi is an awarding body, not a university. | DUP-SUBJECT (Accounting and Finance): same subject also at S.No 37 'Level 5 Extended Diploma in Accounting and Finance', S.No 62 'Qualifi Level 7 Diploma in Accounting and Finance'.",,,Not Audited,,Not in data file
32,Level 3 Diploma in Information Technology,Diploma,Qualifi,Pending,Pending,"GAP-SCHEMA: no parent university in listing — section heading only ('Level 3 Qualifi Diploma Specializations'); Qualifi is an awarding body, not a university. | DUP-SUBJECT (Information Technology / IT): same subject also at S.No 39 'Level 5 Extended Diploma in Information Technology', S.No 65 'Qualifi Level 7 Diploma in IT'.",,,Not Audited,,Not in data file
33,Level 5 Extended Diploma in Business Management,Diploma,Qualifi,Pending,Pending,"GAP-SCHEMA: no parent university in listing — section heading only ('Level 5 Qualifi Diploma Specializations'); Qualifi is an awarding body, not a university. | DUP-SUBJECT (Business Management): same subject also at S.No 25 'Level 3 Diploma in Business Management'.",,,Not Audited,,Not in data file
34,Level 5 Extended Diploma in Health and Social Care,Diploma,Qualifi,Pending,Pending,"GAP-SCHEMA: no parent university in listing — section heading only ('Level 5 Qualifi Diploma Specializations'); Qualifi is an awarding body, not a university. | DUP-SUBJECT (Health and Social Care): same subject also at S.No 29 'Level 3 Diploma in Health and Social Care', S.No 55 'Qualifi Level 7 Diploma in Health and Social Care'.",,,Not Audited,,Not in data file
35,Level 5 Extended Diploma in Psychology,Diploma,Qualifi,Pending,Pending,"GAP-SCHEMA: no parent university in listing — section heading only ('Level 5 Qualifi Diploma Specializations'); Qualifi is an awarding body, not a university. | DUP-SUBJECT (Psychology): same subject also at S.No 56 'Qualifi Level 7 Diploma in Psychology'. | DUP-SUBJECT: Psychology also at S.No 23 'Level 7 Diploma in Psychology' (Gatehouse).",,,Not Audited,,Not in data file
36,Level 5 Extended Diploma in Hospitality and Tourism Management,Diploma,Qualifi,Pending,Pending,"GAP-SCHEMA: no parent university in listing — section heading only ('Level 5 Qualifi Diploma Specializations'); Qualifi is an awarding body, not a university. | DUP-SUBJECT (Hospitality and Tourism Management): same subject also at S.No 30 'Level 3 Diploma in Hospitality and Tourism Management', S.No 60 'Qualifi Level 7 Diploma in Hospitality and Tourism Management'.",,,Not Audited,,Not in data file
37,Level 5 Extended Diploma in Accounting and Finance,Diploma,Qualifi,Pending,Pending,"GAP-SCHEMA: no parent university in listing — section heading only ('Level 5 Qualifi Diploma Specializations'); Qualifi is an awarding body, not a university. | DUP-SUBJECT (Accounting and Finance): same subject also at S.No 31 'Level 3 Diploma in Accounting and Finance', S.No 62 'Qualifi Level 7 Diploma in Accounting and Finance'.",,,Not Audited,,Not in data file
38,Level 5 Extended Diploma in Law,Diploma,Qualifi,Pending,Pending,"GAP-SCHEMA: no parent university in listing — section heading only ('Level 5 Qualifi Diploma Specializations'); Qualifi is an awarding body, not a university. | DUP-SUBJECT (Law): same subject also at S.No 63 'Qualifi Level 7 Diploma in Law'.",,,Not Audited,,Not in data file
39,Level 5 Extended Diploma in Information Technology,Diploma,Qualifi,Pending,Pending,"GAP-SCHEMA: no parent university in listing — section heading only ('Level 5 Qualifi Diploma Specializations'); Qualifi is an awarding body, not a university. | DUP-SUBJECT (Information Technology / IT): same subject also at S.No 32 'Level 3 Diploma in Information Technology', S.No 65 'Qualifi Level 7 Diploma in IT'. | NEAR-DUP (internal): parent of the IT pathway rows S.No 40 'Level 5 Extended Diploma in IT - Networking', S.No 41 'Level 5 Extended Diploma in IT - Web Design', S.No 42 'Level 5 Extended Diploma in IT - E-commerce' — confirm whether these are separate qualifications or pathways of one.",,,Not Audited,,Not in data file
40,Level 5 Extended Diploma in IT - Networking,Diploma,Qualifi,Pending,Pending,"GAP-SCHEMA: no parent university in listing — section heading only ('Level 5 Qualifi Diploma Specializations'); Qualifi is an awarding body, not a university. | NEAR-DUP (internal): variant of S.No 39 'Level 5 Extended Diploma in Information Technology'. | NEAR-DUP (internal): overlaps S.No 44 'Level 5 Extended Diploma in Networking and Cyber Security'.",,,Not Audited,,Not in data file
41,Level 5 Extended Diploma in IT - Web Design,Diploma,Qualifi,Pending,Pending,"GAP-SCHEMA: no parent university in listing — section heading only ('Level 5 Qualifi Diploma Specializations'); Qualifi is an awarding body, not a university. | NEAR-DUP (internal): variant of S.No 39 'Level 5 Extended Diploma in Information Technology'.",,,Not Audited,,Not in data file
42,Level 5 Extended Diploma in IT - E-commerce,Diploma,Qualifi,Pending,Pending,"GAP-SCHEMA: no parent university in listing — section heading only ('Level 5 Qualifi Diploma Specializations'); Qualifi is an awarding body, not a university. | NEAR-DUP (internal): variant of S.No 39 'Level 5 Extended Diploma in Information Technology'.",,,Not Audited,,Not in data file
43,Level 5 Extended Diploma in Cyber Security,Diploma,Qualifi,Pending,Pending,"GAP-SCHEMA: no parent university in listing — section heading only ('Level 5 Qualifi Diploma Specializations'); Qualifi is an awarding body, not a university. | DUP-SUBJECT (Cyber Security): same subject also at S.No 67 'Qualifi Level 7 Diploma in Cyber Security'. | NEAR-DUP (internal): overlaps S.No 44 'Level 5 Extended Diploma in Networking and Cyber Security'.",,,Not Audited,,Not in data file
44,Level 5 Extended Diploma in Networking and Cyber Security,Diploma,Qualifi,Pending,Pending,"GAP-SCHEMA: no parent university in listing — section heading only ('Level 5 Qualifi Diploma Specializations'); Qualifi is an awarding body, not a university. | NEAR-DUP (internal): overlaps S.No 40 'Level 5 Extended Diploma in IT - Networking' and S.No 43 'Level 5 Extended Diploma in Cyber Security'.",,,Not Audited,,Not in data file
45,Level 5 Extended Diploma in Occupational Health and Safety,Diploma,Qualifi,Pending,Pending,"GAP-SCHEMA: no parent university in listing — section heading only ('Level 5 Qualifi Diploma Specializations'); Qualifi is an awarding body, not a university. | DUP-SUBJECT (Occupational Health and Safety): same subject also at S.No 57 'Qualifi Level 7 Diploma in Occupational Health and Safety Management', S.No 58 'Qualifi Level 7 International Diploma in Occupational Health and Safety Management'.",,,Not Audited,,Not in data file
46,Level 5 Extended Diploma in Education and Training Management,Diploma,Qualifi,Pending,Pending,"GAP-SCHEMA: no parent university in listing — section heading only ('Level 5 Qualifi Diploma Specializations'); Qualifi is an awarding body, not a university. | NEAR-DUP (cross-body/level): adjacent to S.No 22 'Level 7 Diploma in Educational Leadership & Management' (Gatehouse) and S.No 69 'Qualifi Level 7 Diploma in Educational Management and Leadership'.",,,Not Audited,,Not in data file
47,Qualifi Level 7 Diploma in Business Strategy,Diploma,Qualifi,Pending,Pending,"GAP-SCHEMA: no parent university in listing — section heading only ('Level 7 Qualifi Diploma Specializations'); Qualifi is an awarding body, not a university. | NAMING: L7 rows carry the 'Qualifi' prefix inside the title while L3/L5 rows do not — normalisation decision needed before slugging.",,,Not Audited,,Not in data file
48,Qualifi Level 7 Diploma in Ethical Leadership,Diploma,Qualifi,Pending,Pending,"GAP-SCHEMA: no parent university in listing — section heading only ('Level 7 Qualifi Diploma Specializations'); Qualifi is an awarding body, not a university.",,,Not Audited,,Not in data file
49,Qualifi Level 7 Diploma in Executive Management,Diploma,Qualifi,Pending,Pending,"GAP-SCHEMA: no parent university in listing — section heading only ('Level 7 Qualifi Diploma Specializations'); Qualifi is an awarding body, not a university. | NEAR-DUP (internal): strategic-management cluster — overlaps S.No 50 'Qualifi Level 7 Diploma in Strategic Management and Innovation', S.No 51 'Qualifi Level 7 Diploma in Strategic Management and Leadership'.",,,Not Audited,,Not in data file
50,Qualifi Level 7 Diploma in Strategic Management and Innovation,Diploma,Qualifi,Pending,Pending,"GAP-SCHEMA: no parent university in listing — section heading only ('Level 7 Qualifi Diploma Specializations'); Qualifi is an awarding body, not a university. | NEAR-DUP (internal): strategic-management cluster — overlaps S.No 49 'Qualifi Level 7 Diploma in Executive Management', S.No 51 'Qualifi Level 7 Diploma in Strategic Management and Leadership'.",,,Not Audited,,Not in data file
51,Qualifi Level 7 Diploma in Strategic Management and Leadership,Diploma,Qualifi,Pending,Pending,"GAP-SCHEMA: no parent university in listing — section heading only ('Level 7 Qualifi Diploma Specializations'); Qualifi is an awarding body, not a university. | NEAR-DUP (internal): strategic-management cluster — overlaps S.No 49 'Qualifi Level 7 Diploma in Executive Management', S.No 50 'Qualifi Level 7 Diploma in Strategic Management and Innovation'. | NEAR-DUP (cross-body): near-identical to S.No 21 'Level 7 Diploma in Strategic Leadership & Management' (Gatehouse).",,,Not Audited,,Not in data file
52,Qualifi Level 7 Diploma in Project Management,Diploma,Qualifi,Pending,Pending,"GAP-SCHEMA: no parent university in listing — section heading only ('Level 7 Qualifi Diploma Specializations'); Qualifi is an awarding body, not a university.",,,Not Audited,,Not in data file
53,Qualifi Level 7 Diploma in Risk Management,Diploma,Qualifi,Pending,Pending,"GAP-SCHEMA: no parent university in listing — section heading only ('Level 7 Qualifi Diploma Specializations'); Qualifi is an awarding body, not a university.",,,Not Audited,,Not in data file
54,Qualifi Level 7 Diploma in Strategic Marketing,Diploma,Qualifi,Pending,Pending,"GAP-SCHEMA: no parent university in listing — section heading only ('Level 7 Qualifi Diploma Specializations'); Qualifi is an awarding body, not a university.",,,Not Audited,,Not in data file
55,Qualifi Level 7 Diploma in Health and Social Care,Diploma,Qualifi,Pending,Pending,"GAP-SCHEMA: no parent university in listing — section heading only ('Level 7 Qualifi Diploma Specializations'); Qualifi is an awarding body, not a university. | DUP-SUBJECT (Health and Social Care): same subject also at S.No 29 'Level 3 Diploma in Health and Social Care', S.No 34 'Level 5 Extended Diploma in Health and Social Care'.",,,Not Audited,,Not in data file
56,Qualifi Level 7 Diploma in Psychology,Diploma,Qualifi,Pending,Pending,"GAP-SCHEMA: no parent university in listing — section heading only ('Level 7 Qualifi Diploma Specializations'); Qualifi is an awarding body, not a university. | DUP-SUBJECT (Psychology): same subject also at S.No 35 'Level 5 Extended Diploma in Psychology'. | DUP-SUBJECT: Psychology also at S.No 23 'Level 7 Diploma in Psychology' (Gatehouse).",,,Not Audited,,Not in data file
57,Qualifi Level 7 Diploma in Occupational Health and Safety Management,Diploma,Qualifi,Pending,Pending,"GAP-SCHEMA: no parent university in listing — section heading only ('Level 7 Qualifi Diploma Specializations'); Qualifi is an awarding body, not a university. | DUP-SUBJECT (Occupational Health and Safety): same subject also at S.No 45 'Level 5 Extended Diploma in Occupational Health and Safety', S.No 58 'Qualifi Level 7 International Diploma in Occupational Health and Safety Management'. | NEAR-DUP (internal): near-identical to S.No 58 'Qualifi Level 7 International Diploma in Occupational Health and Safety Management'.",,,Not Audited,,Not in data file
58,Qualifi Level 7 International Diploma in Occupational Health and Safety Management,Diploma,Qualifi,Pending,Pending,"GAP-SCHEMA: no parent university in listing — section heading only ('Level 7 Qualifi Diploma Specializations'); Qualifi is an awarding body, not a university. | DUP-SUBJECT (Occupational Health and Safety): same subject also at S.No 45 'Level 5 Extended Diploma in Occupational Health and Safety', S.No 57 'Qualifi Level 7 Diploma in Occupational Health and Safety Management'. | TITLE WRAPS ACROSS TWO LINES in the PDF — full title reconstructed as shown; verify against the Qualifi register. | NEAR-DUP (internal): near-identical to S.No 57 'Qualifi Level 7 Diploma in Occupational Health and Safety Management'.",,,Not Audited,,Not in data file
59,Qualifi Level 7 International Diploma in Process Safety Management,Diploma,Qualifi,Pending,Pending,"GAP-SCHEMA: no parent university in listing — section heading only ('Level 7 Qualifi Diploma Specializations'); Qualifi is an awarding body, not a university. | 'International Diploma' variant — confirm it is a distinct qualification from the standard Diploma series.",,,Not Audited,,Not in data file
60,Qualifi Level 7 Diploma in Hospitality and Tourism Management,Diploma,Qualifi,Pending,Pending,"GAP-SCHEMA: no parent university in listing — section heading only ('Level 7 Qualifi Diploma Specializations'); Qualifi is an awarding body, not a university. | DUP-SUBJECT (Hospitality and Tourism Management): same subject also at S.No 30 'Level 3 Diploma in Hospitality and Tourism Management', S.No 36 'Level 5 Extended Diploma in Hospitality and Tourism Management'.",,,Not Audited,,Not in data file
61,Qualifi Level 7 Diploma in Human Resource Management,Diploma,Qualifi,Pending,Pending,"GAP-SCHEMA: no parent university in listing — section heading only ('Level 7 Qualifi Diploma Specializations'); Qualifi is an awarding body, not a university.",,,Not Audited,,Not in data file
62,Qualifi Level 7 Diploma in Accounting and Finance,Diploma,Qualifi,Pending,Pending,"GAP-SCHEMA: no parent university in listing — section heading only ('Level 7 Qualifi Diploma Specializations'); Qualifi is an awarding body, not a university. | DUP-SUBJECT (Accounting and Finance): same subject also at S.No 31 'Level 3 Diploma in Accounting and Finance', S.No 37 'Level 5 Extended Diploma in Accounting and Finance'.",,,Not Audited,,Not in data file
63,Qualifi Level 7 Diploma in Law,Diploma,Qualifi,Pending,Pending,"GAP-SCHEMA: no parent university in listing — section heading only ('Level 7 Qualifi Diploma Specializations'); Qualifi is an awarding body, not a university. | DUP-SUBJECT (Law): same subject also at S.No 38 'Level 5 Extended Diploma in Law'. | NEAR-DUP (internal): overlaps S.No 64 'Qualifi Level 7 Diploma in International Business Law'.",,,Not Audited,,Not in data file
64,Qualifi Level 7 Diploma in International Business Law,Diploma,Qualifi,Pending,Pending,"GAP-SCHEMA: no parent university in listing — section heading only ('Level 7 Qualifi Diploma Specializations'); Qualifi is an awarding body, not a university. | NEAR-DUP (internal): overlaps S.No 63 'Qualifi Level 7 Diploma in Law'.",,,Not Audited,,Not in data file
65,Qualifi Level 7 Diploma in IT,Diploma,Qualifi,Pending,Pending,"GAP-SCHEMA: no parent university in listing — section heading only ('Level 7 Qualifi Diploma Specializations'); Qualifi is an awarding body, not a university. | DUP-SUBJECT (Information Technology / IT): same subject also at S.No 32 'Level 3 Diploma in Information Technology', S.No 39 'Level 5 Extended Diploma in Information Technology'. | AMBIGUOUS-TITLE: abbreviated as 'IT' while L3/L5 use 'Information Technology' — confirm the official title.",,,Not Audited,,Not in data file
66,Qualifi Level 7 Diploma in Data Science,Diploma,Qualifi,Pending,Pending,"GAP-SCHEMA: no parent university in listing — section heading only ('Level 7 Qualifi Diploma Specializations'); Qualifi is an awarding body, not a university.",,,Not Audited,,Not in data file
67,Qualifi Level 7 Diploma in Cyber Security,Diploma,Qualifi,Pending,Pending,"GAP-SCHEMA: no parent university in listing — section heading only ('Level 7 Qualifi Diploma Specializations'); Qualifi is an awarding body, not a university. | DUP-SUBJECT (Cyber Security): same subject also at S.No 43 'Level 5 Extended Diploma in Cyber Security'.",,,Not Audited,,Not in data file
68,Qualifi Level 7 Diploma in Logistics and Supply Chain Crisis Management,Diploma,Qualifi,Pending,Pending,"GAP-SCHEMA: no parent university in listing — section heading only ('Level 7 Qualifi Diploma Specializations'); Qualifi is an awarding body, not a university.",,,Not Audited,,Not in data file
69,Qualifi Level 7 Diploma in Educational Management and Leadership,Diploma,Qualifi,Pending,Pending,"GAP-SCHEMA: no parent university in listing — section heading only ('Level 7 Qualifi Diploma Specializations'); Qualifi is an awarding body, not a university. | NEAR-DUP (cross-body): near-identical to S.No 22 'Level 7 Diploma in Educational Leadership & Management' (Gatehouse).",,,Not Audited,,Not in data file
